"ID","Description","GeneRatio","BgRatio","pvalue","p.adjust","qvalue","geneID","Count"
"map00940","Phenylpropanoid biosynthesis","8/44","58/3222",7.19988250676386e-07,2.66395652750263e-05,2.12207063357251e-05,"C00761/C02666/C01494/C05608/C00811/C00482/C05610/C00903",8
"map00999","Biosynthesis of various plant secondary metabolites","8/44","96/3222",3.39243581361644e-05,0.000627600625519041,0.000499937909375054,"C01772/C01752/C09263/C00049/C05851/C09265/C05324/C09311",8
"map00270","Cysteine and methionine metabolism","5/44","65/3222",0.0016922268322917,0.0208707975982643,0.016625386422515,"C01234/C05823/C00049/C05324/C00065",5
"map00130","Ubiquinone and other terpenoid-quinone biosynthesis","5/44","71/3222",0.00251028576566604,0.0232201433324109,0.0184968424838551,"C16519/C02730/C00156/C00251/C00811",5
"map00970","Aminoacyl-tRNA biosynthesis","4/44","52/3222",0.00508565984870859,0.0376338828804436,0.029978626476598,"C00234/C00049/C00064/C00065",4
"map00750","Vitamin B6 metabolism","3/44","29/3222",0.00677865421516946,0.041801700993545,0.033298652285043,"C01215/C00064/C00314",3
